validation_month,records,mae,rmse,mape,approx_accuracy,r2
2025-10,30,1559.5616989565233,1981.0744554330881,35.99262575471284,64.00737424528717,0.18025544982865194
2025-11,30,1113.5203079308828,1427.2564187938253,24.282008824732145,75.71799117526785,0.4533809654624068
2025-12,30,1169.3804727545503,1508.6105504735606,30.663887464134536,69.33611253586547,0.0986117455856732
2026-01,31,2220.347157676033,2457.848563645676,107.14101438293979,-7.141014382939787,-0.18516548425439683
2026-02,28,1555.8778034721392,2181.3508902459494,34.58706391279701,65.412936087203,0.45218245047796735
2026-03,31,860.586243570575,1058.7903717353727,22.33767376788544,77.66232623211457,0.7801607707883194
2026-04,22,1135.2296061236675,1409.6179883356524,25.520358212759735,74.47964178724027,0.7361686844377417
